Date,Description,Amount
26/01/2026,"CARD PAYMENT TO PAYPAL *ZOOPLUS SE ON 26-01-2026",-101.88
27/01/2026,"CARD PAYMENT TO PAYPAL *CASCELLOID CAS ON 27-01-2026",-191.79
28/01/2026,"FASTER PAYMENTS RECEIPT REF.INVOICE 270126 FROM JAPP MEDIA LTD",88.55
28/01/2026,"FASTER PAYMENTS RECEIPT REF.NH270126 FROM HAMPTON NR",151.45
27/01/2026,"CARD PAYMENT TO PRINTEXPRESS PRINT &amp; C ON 27-01-2026",-15.12
27/01/2026,"CARD PAYMENT TO PAYPAL *ROYAL MAIL ON 27-01-2026",-3.55
27/01/2026,"CARD PAYMENT TO Vinted ON 27-01-2026",-15.59
27/01/2026,"CARD PAYMENT TO NETFLIX.COM ON 27-01-2026",-12.99
26/01/2026,"CARD PAYMENT TO PAYPAL *ROYAL MAIL ON 26-01-2026",-4.4
27/01/2026,"POST OFFICE CASH DEPOSIT",200
26/01/2026,"FASTER PAYMENTS RECEIPT REF.SHAMPOO SAMPLES FROM THE DO GR U T/AS",31.95
25/01/2026,"CARD PAYMENT TO MCDONALDS 1706 ON 25-01-2026",-5.98
24/01/2026,"CARD PAYMENT TO PAYPAL *THESOAPERY THE ON 24-01-2026",-6.99
25/01/2026,"CARD PAYMENT TO WAITROSE STORES ON 25-01-2026",-7.53
25/01/2026,"CARD PAYMENT TO Amazon.co.uk*JQ2ER4ST5 ON 25-01-2026",-7.2
25/01/2026,"CARD PAYMENT TO PARCELFORCE WORLDWIDE ON 25-01-2026",-9.32
25/01/2026,"CARD PAYMENT TO PARCELFORCE WORLDWIDE ON 25-01-2026",-9.32
25/01/2026,"CARD PAYMENT TO AMAZON UK* XZ88M02C5 ON 25-01-2026",-9.97
26/01/2026,"DIRECT DEBIT PAYMENT TO SANTANDER CONSUMER REF 10025009000222, MANDATE NO 0030",-159.69
25/01/2026,"CARD PAYMENT TO Vinted ON 25-01-2026",-49.33
25/01/2026,"FASTER PAYMENTS RECEIPT REF.PP270124 FROM Thomas Pike Jr",297
24/01/2026,"CARD PAYMENT TO WM MORRISONS STORE ON 24-01-2026",-27.74
24/01/2026,"FASTER PAYMENTS RECEIPT REF.mk210126 FROM Made Kind Ltd",296
23/01/2026,"FASTER PAYMENTS RECEIPT REF.PRT080126 FROM PAWS RIGHT THERE LTD",194
22/01/2026,"CREDIT FROM PAYPAL *WAINSTUNBRI ON 22-01-2026",18
22/01/2026,"BILL PAYMENT VIA FASTER PAYMENT TO JANE MALCOLM REFERENCE SANTANDER TRANSFER , MANDATE NO",-3000
22/01/2026,"BILL PAYMENT VIA FASTER PAYMENT TO JANE MALCOLM REFERENCE SANTANDER TRANSFER , MANDATE NO",-1500
22/01/2026,"BILL PAYMENT VIA FASTER PAYMENT TO JANE MALCOLM REFERENCE SANTANDER TRANSFER , MANDATE NO",-100
22/01/2026,"BILL PAYMENT VIA FASTER PAYMENT TO JANE MALCOLM REFERENCE SANTANDER TRANSFER , MANDATE NO",-100
21/01/2026,"BILL PAYMENT VIA FASTER PAYMENT TO JANE MALCOLM REFERENCE SANTANDER TRANSFER , MANDATE NO",-500
21/01/2026,"FASTER PAYMENTS RECEIPT REF.CR200126 FROM MRS C M REVILL",285
21/01/2026,"FASTER PAYMENTS RECEIPT REF.MK200126 FROM Made Kind Ltd",472.28
20/01/2026,"BILL PAYMENT FROM DRAGONFLY PRODUCTS LIMITED, REFERENCE DF171225",239.6
19/01/2026,"FASTER PAYMENTS RECEIPT REF.WOOPAYMENTS FROM Stripe Payments UK Ltd",72.91
19/01/2026,"DIRECT DEBIT PAYMENT TO PNET2745023-2 REF PNET2745023-2, MANDATE NO 0027",-38.5
17/01/2026,"CARD PAYMENT TO PAYPAL * ROYAL MAIL ON 17-01-2026",-7.05
16/01/2026,"FASTER PAYMENTS RECEIPT REF.PW150126 FROM P Ziemak",16.95
14/01/2026,"CARD PAYMENT TO PAYPAL * ROYAL MAIL ON 14-01-2026",-4.45
14/01/2026,"CARD PAYMENT TO PAYPAL * ROYAL MAIL ON 14-01-2026",-4.45
15/01/2026,"DIRECT DEBIT PAYMENT TO OCTOPUS REF ZCG344W, MANDATE NO 0016",-135.69
15/01/2026,"5 Direct Debit Payments at 1,00% Cashback",4.01
15/01/2026,"INTEREST PAID AFTER TAX 0.00 DEDUCTED",39.1
15/01/2026,"MAINTAINING THE ACCOUNT - MONTHLY FEE",-5
14/01/2026,"FASTER PAYMENTS RECEIPT REF.120126 FROM Made Kind Ltd",356.4
14/01/2026,"FASTER PAYMENTS RECEIPT REF.James Crosby CHCC FROM CROSBY J",912
14/01/2026,"BILL PAYMENT VIA FASTER PAYMENT TO JANE MALCOLM REFERENCE SANTANDER TRANSFER , MANDATE NO",-500
13/01/2026,"CARD PAYMENT TO EAVES CHIMNEY SPECIALI ON 13-01-2026",-78
13/01/2026,"CARD PAYMENT TO PARCELFORCE WORLDWIDE ON 13-01-2026",-19.87
13/01/2026,"CARD PAYMENT TO PARCELFORCE WORLDWIDE ON 13-01-2026",-18.66
13/01/2026,"CARD PAYMENT TO PAYPAL *EASYWINNING ON 13-01-2026",-3
12/01/2026,"CREDIT FROM eBay O*20-14036-38589 ON 12-01-2026",30.53
13/01/2026,"BILL PAYMENT VIA FASTER PAYMENT TO ABBIE MALCOLM REFERENCE MUM , MANDATE NO 0298",-100
12/01/2026,"FASTER PAYMENTS RECEIPT REF.PPWDL5VF2222322SUJ FROM PAYPAL",48.46
12/01/2026,"CARD PAYMENT TO eBay O*16-14081-44444 ON 12-01-2026",-29.4
12/01/2026,"FASTER PAYMENTS RECEIPT REF.080126 FROM Made Kind Ltd",324.34
11/01/2026,"CARD PAYMENT TO WM MORRISONS STORE ON 11-01-2026",-31.15
11/01/2026,"CARD PAYMENT TO PARCELFORCE WORLDWIDE ON 11-01-2026",-29.81
11/01/2026,"CARD PAYMENT TO PARCELFORCE WORLDWIDE ON 11-01-2026",-9.32
11/01/2026,"CARD PAYMENT TO PARCELFORCE WORLDWIDE ON 11-01-2026",-9.32
10/01/2026,"CARD PAYMENT TO WAITROSE STORES ON 10-01-2026",-3.5
08/01/2026,"CARD PAYMENT TO WM MORRISONS STORE ON 08-01-2026",-58.18
08/01/2026,"CARD PAYMENT TO SAINSBURYS ON 08-01-2026",-5.5
08/01/2026,"CARD PAYMENT TO PRINTEXPRESS PRINT &amp; C ON 08-01-2026",-56.44
08/01/2026,"FASTER PAYMENTS RECEIPT REF.Lumine Shampoo &amp; C FROM GRD HAIR LIMITED",456
07/01/2026,"CARD PAYMENT TO WAITROSE STORES ON 07-01-2026",-5.4
08/01/2026,"FASTER PAYMENTS RECEIPT REF.LW070126 FROM WALKER LA",86.35
07/01/2026,"CARD PAYMENT TO SUPERDRUG STORES PLC ON 07-01-2026",-9.9
07/01/2026,"CARD PAYMENT TO PRINTEXPRESS PRINT &amp; C ON 07-01-2026",-3
07/01/2026,"CREDIT FROM PAYPAL *DR MARTENS DRM ON 07-01-2026",140
08/01/2026,"DIRECT DEBIT PAYMENT TO O2 REF D9082252, MANDATE NO 0029",-49.47
07/01/2026,"FASTER PAYMENTS RECEIPT REF.050126 FROM Made Kind Ltd",444
06/01/2026,"CARD PAYMENT TO PRINTEXPRESS PRINT &amp; C ON 06-01-2026",-25.7
06/01/2026,"CARD PAYMENT TO Coach House Fish and ON 06-01-2026",-3.8
06/01/2026,"CARD PAYMENT TO Geoff Mycock and Son ON 06-01-2026",-8.95
05/01/2026,"CARD PAYMENT TO SP THECARTRIDGECEN ON 05-01-2026",-77.89
05/01/2026,"CARD PAYMENT TO WM MORRISONS STORE ON 05-01-2026",-28.73
06/01/2026,"FASTER PAYMENTS RECEIPT REF.Invoices SG-IYL 16 FROM SOURCING GENIE LLP",285
05/01/2026,"CARD PAYMENT TO PARCELFORCE WORLDWIDE ON 05-01-2026",-41.95
05/01/2026,"CARD PAYMENT TO PARCELFORCE WORLDWIDE ON 05-01-2026",-29.81
05/01/2026,"CARD PAYMENT TO Amazon Prime*ZC1GL9F64 ON 05-01-2026",-8.99
04/01/2026,"CARD PAYMENT TO PARCELFORCE WORLDWIDE ON 04-01-2026",-9.32
03/01/2026,"CARD PAYMENT TO SP INGREDIENT STORE ON 03-01-2026",-504.9
03/01/2026,"CARD PAYMENT TO WM MORRISONS STORE ON 03-01-2026",-6.7
03/01/2026,"CARD PAYMENT TO PARCELFORCE WORLDWIDE ON 03-01-2026",-9.32
03/01/2026,"CARD PAYMENT TO PARCELFORCE WORLDWIDE ON 03-01-2026",-9.32
03/01/2026,"CARD PAYMENT TO eBay O*20-14036-38589 ON 03-01-2026",-30.53
03/01/2026,"FASTER PAYMENTS RECEIPT REF.COCONUT BLUSH PAWD FROM PAWDAW OF LO LTD",253.05
01/01/2026,"CARD PAYMENT TO WM MORRISONS STORE ON 01-01-2026",-71.05
02/01/2026,"FASTER PAYMENTS RECEIPT REF.MGP Vinted FROM Mangopay S.A.",8
02/01/2026,"DIRECT DEBIT PAYMENT TO HIGH PEAK BOROUGH REF 01 72139198, MANDATE NO 0009",-131
31/12/2025,"CARD PAYMENT TO WAITROSE STORES ON 31-12-2025",-7.55
31/12/2025,"CARD PAYMENT TO SUPERDRUG STORES PLC ON 31-12-2025",-1.5
31/12/2025,"CARD PAYMENT TO Santiago ON 31-12-2025",-69.15
31/12/2025,"CARD PAYMENT TO VAPE SHOP OUTLET ON 31-12-2025",-66
31/12/2025,"BILL PAYMENT VIA FASTER PAYMENT TO CONNOR MALCOLM REFERENCE Mum , MANDATE NO 0288",-53
30/12/2025,"CARD PAYMENT TO WM MORRISONS STORE ON 30-12-2025",-12.89
30/12/2025,"CARD PAYMENT TO AMAZON UK* ZG2XL9FV4 ON 30-12-2025",-9.89
30/12/2025,"CARD PAYMENT TO HOPE DENTAL ON 30-12-2025",-75.3
30/12/2025,"CARD PAYMENT TO PAYPAL *ROYAL MAIL ON 30-12-2025",-3.55
31/12/2025,"DIRECT DEBIT PAYMENT TO EE LIMITED REF Q96496972684234650, MANDATE NO 0019",-46.08
29/12/2025,"CARD PAYMENT TO WM MORRISONS STORE ON 29-12-2025",-45.07
28/12/2025,"CARD PAYMENT TO GREGGS PLC ON 28-12-2025",-2.9
28/12/2025,"CARD PAYMENT TO WAITROSE STORES ON 28-12-2025",-2.25
28/12/2025,"CARD PAYMENT TO CARD FACTORY ON 28-12-2025",-7.75
28/12/2025,"CARD PAYMENT TO PAYPAL *WILD DOSE WILD ON 28-12-2025",-24.1
29/12/2025,"DIRECT DEBIT PAYMENT TO SANTANDER CONSUMER REF 10025009000222, MANDATE NO 0030",-159.69
27/12/2025,"CARD PAYMENT TO SP PARTYPIECES ON 27-12-2025",-39.94
27/12/2025,"CARD PAYMENT TO WM MORRISONS STORE ON 27-12-2025",-24.67
27/12/2025,"CARD PAYMENT TO NEXT RETAIL LTD ON 27-12-2025",-33.5
27/12/2025,"CARD PAYMENT TO Netflix.com ON 27-12-2025",-12.99
26/12/2025,"FASTER PAYMENTS RECEIPT REF.PP270124 FROM Thomas Pike Jr",462
24/12/2025,"CARD PAYMENT TO WM MORRISONS STORE ON 24-12-2025",-13.14
24/12/2025,"CARD PAYMENT TO PAYPAL *LEBARA 4996594 ON 24-12-2025",-5
23/12/2025,"CARD PAYMENT TO WM MORRISONS STORE ON 23-12-2025",-21.5
23/12/2025,"CARD PAYMENT TO WM MORRISONS STORE ON 23-12-2025",-14.7
23/12/2025,"CARD PAYMENT TO Prime Video Rent / Buy ON 23-12-2025",-3.49
23/12/2025,"BILL PAYMENT VIA FASTER PAYMENT TO IT SOLUTIONS REFERENCE 4005 , MANDATE NO 0242",-405
22/12/2025,"CARD PAYMENT TO ALDI UK ON 22-12-2025",-1.9
22/12/2025,"CARD PAYMENT TO ALDI UK ON 22-12-2025",-54.72
22/12/2025,"CARD PAYMENT TO PAYPAL *ZOOPLUS SE ON 22-12-2025",-48.39
22/12/2025,"CARD PAYMENT TO AMZNMktplace*ZD5KE1854 ON 22-12-2025",-1.45
22/12/2025,"BILL PAYMENT VIA FASTER PAYMENT TO CONNOR MALCOLM REFERENCE Mum , MANDATE NO 0288",-300
22/12/2025,"BILL PAYMENT TO MADELYN CLARK REFERENCE AUNTIE JANE X, MANDATE NO00297",-40
21/12/2025,"CARD PAYMENT TO OLD HALL HOTEL ON 21-12-2025",-36.25
20/12/2025,"CARD PAYMENT TO MCDONALDS 1706 ON 20-12-2025",-21.97
20/12/2025,"CARD PAYMENT TO AMZNMktplace*ZD1NC0JH4 ON 20-12-2025",-12.95
20/12/2025,"CARD PAYMENT TO DrMartens.com ON 20-12-2025",-140
17/12/2025,"CARD PAYMENT TO PAYPAL *HONEYWILLOW HO ON 17-12-2025",-123.5
19/12/2025,"CARD PAYMENT TO WM MORRISONS STORE ON 19-12-2025",-51.4
19/12/2025,"CARD PAYMENT TO MORR BUXTON ON 19-12-2025",-42.87
19/12/2025,"CARD PAYMENT TO PAYPAL *BOOTS COM ON 19-12-2025",-75
19/12/2025,"FASTER PAYMENTS RECEIPT REF.OAND 3 REFUND FROM O&amp;3 LIMITED",231
19/12/2025,"CARD PAYMENT TO Geoff Mycock and Son ON 19-12-2025",-6.91
19/12/2025,"BILL PAYMENT VIA FASTER PAYMENT TO KB&amp;KS&amp;JL SIMPSON REFERENCE JANE MALCOLM , MANDATE NO 02",-82.35
19/12/2025,"BILL PAYMENT TO NEW MILLS DAIRIE REFERENCE 6016, MANDATE NO00286",-26.52
18/12/2025,"CARD PAYMENT TO WM MORRISONS STORE ON 18-12-2025",-67.77
19/12/2025,"FASTER PAYMENTS RECEIPT REF.FURRBABI SAMPLES FROM Darryll Penfold",13.95
18/12/2025,"CARD PAYMENT TO PARCELFORCE WORLDWIDE ON 18-12-2025",-9.32
18/12/2025,"CARD PAYMENT TO PARCELFORCE WORLDWIDE ON 18-12-2025",-9.94
18/12/2025,"CARD PAYMENT TO PAYPAL *DR MARTENS DRM ON 18-12-2025",-140
18/12/2025,"CARD PAYMENT TO DUNSLEY HEAT LTD ON 18-12-2025",-91.68
19/12/2025,"DIRECT DEBIT PAYMENT TO PNET2745023-2 REF PNET2745023-2, MANDATE NO 0027",-38.5
17/12/2025,"CARD PAYMENT TO FlyingTigerSheffield ON 17-12-2025",-15.5
18/12/2025,"FASTER PAYMENTS RECEIPT REF.PRT161225 FROM PAWS RIGHT THERE LTD",305.5
18/12/2025,"BILL PAYMENT FROM DRAGONFLY PRODUCTS LIMITED, REFERENCE DF171225",269.56
18/12/2025,"FASTER PAYMENTS RECEIPT REF.WOOPAYMENTS FROM Stripe Payments UK Ltd",23.07
17/12/2025,"CARD PAYMENT TO Krispy Kreme Doughnuts ON 17-12-2025",-6.88
17/12/2025,"CARD PAYMENT TO BOOTS,MEADOWHALL ON 17-12-2025",-50.39
17/12/2025,"CARD PAYMENT TO AS LTD ON 17-12-2025",-41.4
17/12/2025,"CARD PAYMENT TO PARCELFORCE WORLDWIDE ON 17-12-2025",-27.98
17/12/2025,"CARD PAYMENT TO Miniso Sheffield ON 17-12-2025",-2.49
15/12/2025,"CARD PAYMENT TO PAYPAL *SOAPKITCHEN ON 15-12-2025",-75
16/12/2025,"CARD PAYMENT TO PAYPAL *P MONKEY ON 16-12-2025",-0.86
16/12/2025,"CARD PAYMENT TO WM MORRISONS STORE ON 16-12-2025",-46.65
17/12/2025,"FASTER PAYMENTS RECEIPT REF.Cameron Canines FROM Cameron Canines",88.95
16/12/2025,"CARD PAYMENT TO NATURE'S OWN ON 16-12-2025",-6
16/12/2025,"CARD PAYMENT TO PARCELFORCE WORLDWIDE ON 16-12-2025",-9.32
16/12/2025,"BILL PAYMENT VIA FASTER PAYMENT TO PB &amp; DJ BYWATER REFERENCE NCCRM2235 , MANDATE NO 0296",-819
16/12/2025,"FASTER PAYMENTS RECEIPT REF.PP161225 FROM Paper Plane",190
16/12/2025,"FASTER PAYMENTS RECEIPT REF.HOEGRANGEHOL110825 FROM HOE GRANGE HOLIDAY",73.75
15/12/2025,"CARD PAYMENT TO WAITROSE 748 ON 15-12-2025",-6.75
15/12/2025,"CARD PAYMENT TO AMAZON* ZE92O2K94 ON 15-12-2025",-11.95
16/12/2025,"MAINTAINING THE ACCOUNT - MONTHLY FEE",-5
15/12/2025,"FASTER PAYMENTS RECEIPT REF.KD151225 FROM K Duffy",46.95
15/12/2025,"CARD PAYMENT TO AMZNMktplace*ZE1TS8SF4 ON 15-12-2025",-24.29
14/12/2025,"CARD PAYMENT TO ALDI UK ON 14-12-2025",-24.61
14/12/2025,"CARD PAYMENT TO ALDI UK ON 14-12-2025",-5.29
14/12/2025,"CARD PAYMENT TO PAYPAL *EASYWINNING ON 14-12-2025",-2
15/12/2025,"DIRECT DEBIT PAYMENT TO OCTOPUS REF ZCG344W, MANDATE NO 0016",-135.69
13/12/2025,"CARD PAYMENT TO SP TINWARE DIRECT ON 13-12-2025",-119.4
13/12/2025,"CARD PAYMENT TO SP MYSTIC MOMENTS UK ON 13-12-2025",-43.95
13/12/2025,"CARD PAYMENT TO Amazon.co.uk*ZE1WB1G54 ON 13-12-2025",-6.79
13/12/2025,"CARD PAYMENT TO Trainline ON 13-12-2025",-31.44
13/12/2025,"CARD PAYMENT TO AMZNMktplace*ZE3A08144 ON 13-12-2025",-12.99
13/12/2025,"CARD PAYMENT TO Amazon.co.uk*ZE4MI5PI4 ON 13-12-2025",-14.5
13/12/2025,"CARD PAYMENT TO SP MYSTIC MOMENTS UK ON 13-12-2025",-225.95
14/12/2025,"5 Direct Debit Payments at 1,00% Cashback",3.65
14/12/2025,"INTEREST PAID AFTER TAX 0.00 DEDUCTED",45.93
12/12/2025,"CARD PAYMENT TO WM MORRISONS STORE ON 12-12-2025",-25.9
10/12/2025,"CARD PAYMENT TO PAYPAL *ZOOPLUS SE ON 10-12-2025",-111.58
12/12/2025,"CARD PAYMENT TO SP MYSTIC MOMENTS UK ON 12-12-2025",-24.95
12/12/2025,"CARD PAYMENT TO SP NUTLEYS KG ON 12-12-2025",-10
12/12/2025,"CARD PAYMENT TO AMAZON* ZE1F28ZM4 ON 12-12-2025",-52.5
12/12/2025,"FASTER PAYMENTS RECEIPT REF.RAY FRESH GIRAFFE FROM KERCHER RF",1304.8
11/12/2025,"CARD PAYMENT TO PRINTEXPRESS PRINT &amp; C ON 11-12-2025",-10.08
11/12/2025,"CARD PAYMENT TO eBay O*11-13956-95621 ON 11-12-2025",-32
11/12/2025,"CARD PAYMENT TO Geoff Mycock and Son ON 11-12-2025",-3.4
10/12/2025,"CARD PAYMENT TO WAITROSE 748 ON 10-12-2025",-1.8
09/12/2025,"CARD PAYMENT TO WM MORRISONS STORE ON 09-12-2025",-35.08
09/12/2025,"CARD PAYMENT TO WM MORRISONS STORE ON 09-12-2025",-2.5
10/12/2025,"BILL PAYMENT VIA FASTER PAYMENT TO BRENNTAG UK LTD REFERENCE PF 7718837 , MANDATE NO 0284",-540
09/12/2025,"CARD PAYMENT TO POLICY EXPERT ON 09-12-2025",-140.77
09/12/2025,"CARD PAYMENT TO PARCELFORCE WORLDWIDE ON 09-12-2025",-18.66
09/12/2025,"CARD PAYMENT TO PAYPAL *ROYAL MAIL ON 09-12-2025",-7.05
09/12/2025,"CARD PAYMENT TO PAYPAL *ROYAL MAIL ON 09-12-2025",-5.35
09/12/2025,"BILL PAYMENT VIA FASTER PAYMENT TO A HARLAND REFERENCE 59 Manchester Rd , MANDATE NO 0295",-20
08/12/2025,"CARD PAYMENT TO WAITROSE 748 ON 08-12-2025",-17.82
08/12/2025,"CARD PAYMENT TO THE VILLAGE SAVER ON 08-12-2025",-7.98
08/12/2025,"CARD PAYMENT TO SUPERDRUG STORES PLC ON 08-12-2025",-9.9
08/12/2025,"CARD PAYMENT TO PARCELFORCE WORLDWIDE ON 08-12-2025",-18.66
08/12/2025,"CARD PAYMENT TO PARCELFORCE WORLDWIDE ON 08-12-2025",-9.32
08/12/2025,"CREDIT FROM Amazon.co.uk ON 08-12-2025",6.65
09/12/2025,"DIRECT DEBIT PAYMENT TO O2 REF D9082252, MANDATE NO 0029",-49.47
09/12/2025,"FASTER PAYMENTS RECEIPT REF.James Crosby CHCC FROM CROSBY J",280
07/12/2025,"CARD PAYMENT TO MCDONALDS 1706 ON 07-12-2025",-8.07
07/12/2025,"FASTER PAYMENTS RECEIPT REF.MURRAYS XMAS GIFT FROM MR T U SCHMIDT &amp; M",39.95
06/12/2025,"CARD PAYMENT TO MR SIMMS OLDE SWEET SH ON 06-12-2025",-25.78
06/12/2025,"CARD PAYMENT TO LOMAS FOODS ON 06-12-2025",-7.2
07/12/2025,"FASTER PAYMENTS RECEIPT REF.INVOICE IN051225 FROM NIKOL I T",408
06/12/2025,"CARD PAYMENT TO Etsy.com*CoasterCoast ON 06-12-2025",-33.3
05/12/2025,"CARD PAYMENT TO WAITROSE 748 ON 05-12-2025",-10.38
06/12/2025,"FASTER PAYMENTS RECEIPT REF.PPWDL5VF2222234S8L FROM PAYPAL",28.83
05/12/2025,"CARD PAYMENT TO THE WORKS ON 05-12-2025",-4
05/12/2025,"CARD PAYMENT TO Amazon Prime*Z15QV0VV4 ON 05-12-2025",-8.99
05/12/2025,"CARD PAYMENT TO PAYPAL *STOVECARERE ON 05-12-2025",-105.3
05/12/2025,"CARD PAYMENT TO Amazon.co.uk*Z12P84144 ON 05-12-2025",-6.65
04/12/2025,"CARD PAYMENT TO ALDI UK ON 04-12-2025",-17.24
04/12/2025,"CARD PAYMENT TO PAYPAL *ROYAL MAIL ON 04-12-2025",-4.45
04/12/2025,"CARD PAYMENT TO AMAZON* Z13V91EC4 ON 04-12-2025",-29.73
04/12/2025,"CREDIT FROM B &amp; Q 1314 ON 04-12-2025",10
04/12/2025,"CARD PAYMENT TO PARCELFORCE WORLDWIDE ON 04-12-2025",-18.66
04/12/2025,"CARD PAYMENT TO SP WILD DOSE ON 04-12-2025",-22.8
04/12/2025,"CARD PAYMENT TO SP SOCTOPUS ON 04-12-2025",-20
03/12/2025,"CARD PAYMENT TO B &amp; Q 1314 ON 03-12-2025",-48.99
04/12/2025,"FASTER PAYMENTS RECEIPT REF.031225 FROM Made Kind Ltd",324.4
03/12/2025,"CARD PAYMENT TO PRINTEXPRESS PRINT &amp; C ON 03-12-2025",-91.92
03/12/2025,"CARD PAYMENT TO PARCELFORCE WORLDWIDE ON 03-12-2025",-18.66
03/12/2025,"CARD PAYMENT TO PARCELFORCE WORLDWIDE ON 03-12-2025",-18.66
03/12/2025,"CARD PAYMENT TO AMZNMktplace*ZX2SD3R54 ON 03-12-2025",-5.99
04/12/2025,"FASTER PAYMENTS RECEIPT REF.MGP Vinted FROM Mangopay S.A.",7
03/12/2025,"BILL PAYMENT VIA FASTER PAYMENT TO SILBURY MARKETIN REFERENCE Acc no COC01 , MANDATE NO 02",-293.75
03/12/2025,"CARD PAYMENT TO Geoff Mycock and Son ON 03-12-2025",-5.23
02/12/2025,"CARD PAYMENT TO WM MORRISONS STORE ON 02-12-2025",-13.94
02/12/2025,"CARD PAYMENT TO AMAZON UK* ZX6BB06M4 ON 02-12-2025",-4.4
02/12/2025,"BILL PAYMENT VIA FASTER PAYMENT TO KB&amp;KS&amp;JL SIMPSON REFERENCE JANE MALCOLM , MANDATE NO 02",-164.7
01/12/2025,"CARD PAYMENT TO PAYPAL *BQ LIMITED 111 ON 01-12-2025",-90.1
01/12/2025,"CARD PAYMENT TO WAITROSE 748 ON 01-12-2025",-8.14
02/12/2025,"FASTER PAYMENTS RECEIPT REF.December 25 order FROM HEALTHY PET CARE CO LTD",318.8
01/12/2025,"CARD PAYMENT TO SUPERDRUG STORES PLC ON 01-12-2025",-10
01/12/2025,"CARD PAYMENT TO PRINTEXPRESS PRINT &amp; C ON 01-12-2025",-7.2
01/12/2025,"CARD PAYMENT TO PARCELFORCE WORLDWIDE ON 01-12-2025",-37.32
01/12/2025,"CARD PAYMENT TO PARCELFORCE WORLDWIDE ON 01-12-2025",-18.66
01/12/2025,"CARD PAYMENT TO eBay O*12-13909-14189 ON 01-12-2025",-30.53
02/12/2025,"FASTER PAYMENTS RECEIPT REF.MK301125 FROM Made Kind Ltd",608
30/11/2025,"CARD PAYMENT TO M&amp;S SIMPLY FOOD - SSP ON 30-11-2025",-9.4
01/12/2025,"BILL PAYMENT VIA FASTER PAYMENT TO JANE MALCOLM REFERENCE SANTANDER TRANSFER , MANDATE NO",-300
01/12/2025,"FASTER PAYMENTS RECEIPT REF.MGP Vinted FROM Mangopay S.A.",4
30/11/2025,"CARD PAYMENT TO SumUp *Streamline Tax ON 30-11-2025",-13.3
01/12/2025,"DIRECT DEBIT PAYMENT TO HIGH PEAK BOROUGH REF 01 72139198, MANDATE NO 0009",-131
01/12/2025,"DIRECT DEBIT PAYMENT TO EE LIMITED REF Q96496972675708319, MANDATE NO 0019",-46.08
29/11/2025,"CARD PAYMENT TO WJS PUB GROUP ON 29-11-2025",-130
28/11/2025,"CARD PAYMENT TO GREGGS PLC ON 28-11-2025",-3.4
28/11/2025,"CARD PAYMENT TO GREGGS PLC ON 28-11-2025",-10.35
28/11/2025,"CARD PAYMENT TO PAYPAL *CASCELLOID CAS ON 28-11-2025",-124.71
28/11/2025,"CARD PAYMENT TO WH Smith Buxton ON 28-11-2025",-7.19
28/11/2025,"CARD PAYMENT TO SUPERDRUG STORES PLC ON 28-11-2025",-1.75
28/11/2025,"CARD PAYMENT TO PONDEN HOME ON 28-11-2025",-56
28/11/2025,"CARD PAYMENT TO PAYPAL *ROYAL MAIL ON 28-11-2025",-4.45
27/11/2025,"CARD PAYMENT TO MCDONALDS 1706 ON 27-11-2025",-8.07
28/11/2025,"FASTER PAYMENTS RECEIPT REF.THENEEMTEAM FROM SERENDIPITY HERBAL",815.6
27/11/2025,"CARD PAYMENT TO WAITROSE 748 ON 27-11-2025",-10.25
28/11/2025,"FASTER PAYMENTS RECEIPT REF.TP281125 FROM TP Feeds",303
27/11/2025,"CARD PAYMENT TO YTC BUXTON ON 27-11-2025",-13.47
27/11/2025,"CARD PAYMENT TO WWW.BEESUPPLIES.CO.UK ON 27-11-2025",-64.67
25/11/2025,"CARD PAYMENT TO PAYPAL *P MONKEY ON 25-11-2025",-8.7
26/11/2025,"CARD PAYMENT TO PAYPAL *EASYWINNING ON 26-11-2025",-4.45
27/11/2025,"CARD PAYMENT TO NETFLIX.COM ON 27-11-2025",-12.99
26/11/2025,"CARD PAYMENT TO WM MORRISONS STORE ON 26-11-2025",-9.6
27/11/2025,"FASTER PAYMENTS RECEIPT REF.WOOPAYMENTS FROM Stripe Payments UK Ltd",67.02
26/11/2025,"CARD PAYMENT TO PARCELFORCE WORLDWIDE ON 26-11-2025",-18.66
26/11/2025,"CARD PAYMENT TO PAYPAL *ROYAL MAIL ON 26-11-2025",-4.45
26/11/2025,"CARD PAYMENT TO PAYPAL *ROYAL MAIL ON 26-11-2025",-4.45
26/11/2025,"CARD PAYMENT TO AMAZON UK* ZL1CC5YP4 ON 26-11-2025",-7.5
25/11/2025,"CARD PAYMENT TO WAITROSE 748 ON 25-11-2025",-5.88
26/11/2025,"FASTER PAYMENTS RECEIPT REF.James Crosby CHCC FROM CROSBY J",290
25/11/2025,"CARD PAYMENT TO AMAZON UK* ZL3R33IL4 ON 25-11-2025",-5.6
25/11/2025,"CARD PAYMENT TO HOPE DENTAL ON 25-11-2025",-27.4
25/11/2025,"CARD PAYMENT TO PRINTEXPRESS PRINT &amp; C ON 25-11-2025",-7.2
25/11/2025,"CARD PAYMENT TO PARCELFORCE WORLDWIDE ON 25-11-2025",-9.32
25/11/2025,"CARD PAYMENT TO Trainline ON 25-11-2025",-38.7
25/11/2025,"FASTER PAYMENTS RECEIPT REF.NH251125 FROM HAMPTON NR",29.95
25/11/2025,"FASTER PAYMENTS RECEIPT REF.Cara Jeffrey Snout FROM Cara jeffrey",57
24/11/2025,"CARD PAYMENT TO WM MORRISONS STORE ON 24-11-2025",-14.77
24/11/2025,"CARD PAYMENT TO WM MORRISONS STORE ON 24-11-2025",-38.9
22/11/2025,"CARD PAYMENT TO PAYPAL *ZOOPLUS SE ON 22-11-2025",-63.76
24/11/2025,"CARD PAYMENT TO PAYPAL *ROYAL MAIL ON 24-11-2025",-4.45
24/11/2025,"CARD PAYMENT TO PAYPAL *ROYAL MAIL ON 24-11-2025",-4.45
25/11/2025,"DIRECT DEBIT PAYMENT TO SANTANDER CONSUMER REF 10025009000222, MANDATE NO 0030",-159.69
24/11/2025,"FASTER PAYMENTS RECEIPT REF.LW241125 FROM WALKER LA",13.95
24/11/2025,"FASTER PAYMENTS RECEIPT REF.PRT241125 FROM PAWS RIGHT THERE LTD",128.45
24/11/2025,"CREDIT FROM eBay O*20-13859-53536 ON 24-11-2025",12.09
23/11/2025,"CARD PAYMENT TO eBay O*20-13859-53536 ON 23-11-2025",-12.09
24/11/2025,"BILL PAYMENT VIA FASTER PAYMENT TO GARETH BURNS LTD REFERENCE Jane Malcolm , MANDATE NO 02",-30
22/11/2025,"CARD PAYMENT TO WAITROSE 748 ON 22-11-2025",-8.12
21/11/2025,"CARD PAYMENT TO WAITROSE 748 ON 21-11-2025",-10.75
21/11/2025,"CARD PAYMENT TO YTC BUXTON ON 21-11-2025",-3.99
21/11/2025,"CARD PAYMENT TO PRINTEXPRESS PRINT &amp; C ON 21-11-2025",-27.22
21/11/2025,"CARD PAYMENT TO LABEL PLANET LTD ON 21-11-2025",-162
21/11/2025,"CARD PAYMENT TO PARCELFORCE WORLDWIDE ON 21-11-2025",-18.66
21/11/2025,"CARD PAYMENT TO PARCELFORCE WORLDWIDE ON 21-11-2025",-18.66
21/11/2025,"CARD PAYMENT TO Coach House Fish and ON 21-11-2025",-14.1
21/11/2025,"CARD PAYMENT TO SP WILD DOSE ON 21-11-2025",-12
21/11/2025,"CARD PAYMENT TO VAPE SHOP OUTLET ON 21-11-2025",-66
21/11/2025,"FASTER PAYMENTS RECEIPT REF.PPWDL5VF222232CVML FROM PAYPAL",70.66
21/11/2025,"FASTER PAYMENTS RECEIPT REF.201125 FROM Made Kind Ltd",296
20/11/2025,"CARD PAYMENT TO AMAZON* Z38VP4DA4 ON 20-11-2025",-13.98
20/11/2025,"CARD PAYMENT TO WM MORRISONS STORE ON 20-11-2025",-27.04
20/11/2025,"CARD PAYMENT TO STEWARTS CORNER SHOP L ON 20-11-2025",-5.84
21/11/2025,"FASTER PAYMENTS RECEIPT REF.Invoices SG-IYL 16 FROM SOURCING GENIE LLP",575
21/11/2025,"BILL PAYMENT TO NEW MILLS DAIRIE REFERENCE 6016, MANDATE NO00286",-26.52
20/11/2025,"CARD PAYMENT TO PRINTEXPRESS PRINT &amp; C ON 20-11-2025",-3.96
20/11/2025,"CARD PAYMENT TO PAYPAL *ROYAL MAIL ON 20-11-2025",-3.55
20/11/2025,"CARD PAYMENT TO PAYPAL *AALABELS ON 20-11-2025",-52.21
20/11/2025,"CARD PAYMENT TO Vinted ON 20-11-2025",-3.25
20/11/2025,"FASTER PAYMENTS RECEIPT REF.Cara Jeffrey Snout FROM Cara jeffrey",236.35
20/11/2025,"FASTER PAYMENTS RECEIPT REF.181125 FROM Made Kind Ltd",491
18/11/2025,"CARD PAYMENT TO PAYPAL *MADARCORPOR MA ON 18-11-2025",-283.9
19/11/2025,"CARD PAYMENT TO WM MORRISONS STORE ON 19-11-2025",-21.73
20/11/2025,"FASTER PAYMENTS RECEIPT REF.WOOPAYMENTS FROM Stripe Payments UK Ltd",18.31
19/11/2025,"CARD PAYMENT TO MORR BUXTON ON 19-11-2025",-50.01
19/11/2025,"CARD PAYMENT TO PARCELFORCE WORLDWIDE ON 19-11-2025",-27.98
19/11/2025,"CARD PAYMENT TO AMZNMktplace*Z335N6PW4 ON 19-11-2025",-9.9
18/11/2025,"CARD PAYMENT TO MCDONALDS 1706 ON 18-11-2025",-2.59
18/11/2025,"CARD PAYMENT TO WAITROSE 748 ON 18-11-2025",-11.3
19/11/2025,"FASTER PAYMENTS RECEIPT REF.PRT171125 FROM PAWS RIGHT THERE LTD",105.9
18/11/2025,"CARD PAYMENT TO Zettle_*Julie Hemford ON 18-11-2025",-62
19/11/2025,"DIRECT DEBIT PAYMENT TO PNET2745023-2 REF PNET2745023-2, MANDATE NO 0027",-38.5
17/11/2025,"CARD PAYMENT TO PAYPAL *ROYAL MAIL ROY ON 17-11-2025",-4.45
18/11/2025,"CARD PAYMENT TO AMZNMktplace*G239R2TC5 ON 18-11-2025",-6.99
17/11/2025,"CARD PAYMENT TO WM MORRISONS STORE ON 17-11-2025",-10.21
17/11/2025,"CARD PAYMENT TO PRINTEXPRESS PRINT &amp; C ON 17-11-2025",-14.76
17/11/2025,"CARD PAYMENT TO PRINTEXPRESS PRINT &amp; C ON 17-11-2025",-187.36
16/11/2025,"CARD PAYMENT TO MCDONALDS 1706 ON 16-11-2025",-3.39
17/11/2025,"FASTER PAYMENTS RECEIPT REF.PPWDL5VF2222327QD4 FROM PAYPAL",18.1
17/11/2025,"FASTER PAYMENTS RECEIPT REF.WOOPAYMENTS FROM Stripe Payments UK Ltd",8.49
16/11/2025,"CARD PAYMENT TO Amazon.co.uk*G47928T55 ON 16-11-2025",-4.4
17/11/2025,"DIRECT DEBIT PAYMENT TO OCTOPUS REF ZCG344W, MANDATE NO 0016",-100
17/11/2025,"FASTER PAYMENTS RECEIPT REF.TD121125 FROM ALLEN-PHILLIPS J",362.05
15/11/2025,"CARD PAYMENT TO WAITROSE 748 ON 15-11-2025",-5.15
15/11/2025,"CARD PAYMENT TO PAYPAL *ROYAL MAIL ROY ON 15-11-2025",-3.55
15/11/2025,"CARD PAYMENT TO PAYPAL *ROYAL MAIL ROY ON 15-11-2025",-3.55
15/11/2025,"CARD PAYMENT TO PAYPAL *WAINSTUNBRI ON 15-11-2025",-94.91
15/11/2025,"FASTER PAYMENTS RECEIPT REF.Sally m FROM MADDEN SL NO 2AC",12
15/11/2025,"CARD PAYMENT TO eBay O*01-13849-40529 ON 15-11-2025",-7.99
15/11/2025,"BILL PAYMENT FROM MRS EVELYN CLARK, REFERENCE THANK YOU",25
14/11/2025,"CARD PAYMENT TO PAYPAL *WAINSTUNBRI ON 14-11-2025",-128.58
15/11/2025,"FASTER PAYMENTS RECEIPT REF.PP241025 FROM Paper Plane",356
14/11/2025,"CARD PAYMENT TO WM MORRISONS STORE ON 14-11-2025",-29.6
14/11/2025,"CARD PAYMENT TO Buxton Charcoal Gril ON 14-11-2025",-3
14/11/2025,"CARD PAYMENT TO Vinted ON 14-11-2025",-13.69
13/11/2025,"CARD PAYMENT TO WM MORRISONS STORE ON 13-11-2025",-13.75
15/11/2025,"5 Direct Debit Payments at 1,00% Cashback",3.65
15/11/2025,"INTEREST PAID AFTER TAX 0.00 DEDUCTED",46.01
15/11/2025,"MAINTAINING THE ACCOUNT - MONTHLY FEE",-5
14/11/2025,"FASTER PAYMENTS RECEIPT REF.MP141125 FROM My Posh Paws",32.95
13/11/2025,"CARD PAYMENT TO eBay O*14-13822-74550 ON 13-11-2025",-7.44
13/11/2025,"CARD PAYMENT TO AMZNMktplace*VL3H84805 ON 13-11-2025",-35
12/11/2025,"CARD PAYMENT TO WAITROSE 748 ON 12-11-2025",-5.17
13/11/2025,"FASTER PAYMENTS RECEIPT REF.LOUISE FROM THOMPSON F &amp; D",40
13/11/2025,"FASTER PAYMENTS RECEIPT REF.WOOPAYMENTS FROM Stripe Payments UK Ltd",29.16
13/11/2025,"FASTER PAYMENTS RECEIPT REF.TD121125 FROM ALLEN-PHILLIPS J",90
12/11/2025,"BILL PAYMENT VIA FASTER PAYMENT TO KB&amp;KS&amp;JL SIMPSON REFERENCE JANE MALCOLM , MANDATE NO 02",-164.7
11/11/2025,"CARD PAYMENT TO WAITROSE 748 ON 11-11-2025",-9.07
11/11/2025,"CARD PAYMENT TO SUPERDRUG STORES PLC ON 11-11-2025",-9.95
11/11/2025,"CARD PAYMENT TO PAYPAL *ROYAL MAIL ON 11-11-2025",-3.55
11/11/2025,"CARD PAYMENT TO PAYPAL *ROYAL MAIL ON 11-11-2025",-6.95
10/11/2025,"CARD PAYMENT TO Amazon.co.uk*S02209545 ON 10-11-2025",-10.98
08/11/2025,"CARD PAYMENT TO AA MOTOR INSURANCE ON 08-11-2025",-234.34
10/11/2025,"CARD PAYMENT TO WM MORRISONS STORE ON 10-11-2025",-17.74
08/11/2025,"CARD PAYMENT TO PAYPAL *BLUESTARPAC BL ON 08-11-2025",-166.34
10/11/2025,"CARD PAYMENT TO PAYPAL *EASYWINNING ON 10-11-2025",-5.9
11/11/2025,"DIRECT DEBIT PAYMENT TO AA MEMBERSHIP REF 635601-1174916663, MANDATE NO 0020",-72.38
10/11/2025,"BILL PAYMENT VIA FASTER PAYMENT TO JAMES WOODWARD REFERENCE 59 Manchester Rd , MANDATE NO",-130
10/11/2025,"DIRECT DEBIT PAYMENT TO O2 REF D9082252, MANDATE NO 0029",-49.47
09/11/2025,"CARD PAYMENT TO SQ *PEVERIL STORES &amp; B ON 09-11-2025",-59.11
08/11/2025,"CARD PAYMENT TO PAYPAL *ROYAL MAIL ON 08-11-2025",-4.45
08/11/2025,"CARD PAYMENT TO KWEI LIN RESTAURAN ON 08-11-2025",-10.2
08/11/2025,"CARD PAYMENT TO eBay O*26-13784-82888 ON 08-11-2025",-26.49
08/11/2025,"FASTER PAYMENTS RECEIPT REF.PRT051125 FROM PAWS RIGHT THERE LTD",368
07/11/2025,"CARD PAYMENT TO WM MORRISONS STORE ON 07-11-2025",-19.34
07/11/2025,"CARD PAYMENT TO AMAZON UK* 8F4ZV4LM5 ON 07-11-2025",-3.99
07/11/2025,"CARD PAYMENT TO PRINTEXPRESS PRINT &amp; C ON 07-11-2025",-48
07/11/2025,"CARD PAYMENT TO PARCELFORCE WORLDWIDE ON 07-11-2025",-18.66
07/11/2025,"CARD PAYMENT TO Vinted ON 07-11-2025",-18.94
07/11/2025,"CARD PAYMENT TO AMAZON* 427RZ0EU5 ON 07-11-2025",-12.98
06/11/2025,"CARD PAYMENT TO WAITROSE 748 ON 06-11-2025",-5.22
06/11/2025,"CARD PAYMENT TO SUPERDRUG STORES PLC ON 06-11-2025",-9.9
06/11/2025,"CARD PAYMENT TO PRINTEXPRESS PRINT &amp; C ON 06-11-2025",-20.28
06/11/2025,"CARD PAYMENT TO PAYPAL *ROYAL MAIL ON 06-11-2025",-4.4
05/11/2025,"CARD PAYMENT TO PARCELFORCE WORLDWIDE ON 05-11-2025",-9.32
05/11/2025,"CARD PAYMENT TO eBay O*24-13789-11096 ON 05-11-2025",-154
05/11/2025,"CARD PAYMENT TO Amazon Prime*6R3KC9BQ5 ON 05-11-2025",-8.99
05/11/2025,"CARD PAYMENT TO SP TINWARE DIRECT ON 05-11-2025",-165
06/11/2025,"FASTER PAYMENTS RECEIPT REF.Invoice NO IN05112 FROM NIKOL I T",23.95
04/11/2025,"CARD PAYMENT TO MCDONALDS 1706 ON 04-11-2025",-7.28
04/11/2025,"CARD PAYMENT TO WM MORRISONS STORE ON 04-11-2025",-13.45
04/11/2025,"FASTER PAYMENTS RECEIPT REF.PRT261025 FROM PAWS RIGHT THERE LTD",56.45
04/11/2025,"FASTER PAYMENTS RECEIPT REF.PRT211025 FROM PAWS RIGHT THERE LTD",98.95
02/11/2025,"CARD PAYMENT TO PAYPAL *P MONKEY ON 02-11-2025",-7.56
03/11/2025,"CARD PAYMENT TO PAYPAL *MERRYMUSH ON 03-11-2025",-26.96
03/11/2025,"CARD PAYMENT TO AMAZON* 3S7VT8725 ON 03-11-2025",-9.99
04/11/2025,"FASTER PAYMENTS RECEIPT REF.Keri041125 FROM K Squibb",183.95
03/11/2025,"CARD PAYMENT TO PAYPAL *ROYAL MAIL ON 03-11-2025",-3.55
03/11/2025,"BILL PAYMENT FROM MISS ZOE NICOLE OLMA, REFERENCE ZO311025",15.95
03/11/2025,"BILL PAYMENT VIA FASTER PAYMENT TO JANE MALCOLM REFERENCE SANTANDER TRANSFER , MANDATE NO",-300
03/11/2025,"DIRECT DEBIT PAYMENT TO HIGH PEAK BOROUGH REF 01 72139198, MANDATE NO 0009",-131
01/11/2025,"CARD PAYMENT TO SP GETLUMILIGHT ON 01-11-2025",-36.94
01/11/2025,"CARD PAYMENT TO AMAZON* F318U0TO5 ON 01-11-2025",-12.99
01/11/2025,"CARD PAYMENT TO WM MORRISONS STORE ON 01-11-2025",-34.88
01/11/2025,"CARD PAYMENT TO PAYPAL *SALFORDRUMC ON 01-11-2025",-44.85
31/10/2025,"CARD PAYMENT TO PAYPAL *P MONKEY ON 31-10-2025",-7.56
01/11/2025,"CARD PAYMENT TO PARCELFORCE WORLDWIDE ON 01-11-2025",-27.98
01/11/2025,"FASTER PAYMENTS RECEIPT REF.MGP Vinted FROM Mangopay S.A.",3
31/10/2025,"CARD PAYMENT TO WM MORRISONS STORE ON 31-10-2025",-9.2
31/10/2025,"CARD PAYMENT TO PARCELFORCE WORLDWIDE ON 31-10-2025",-9.32
01/11/2025,"FASTER PAYMENTS RECEIPT REF.mk311025 FROM Made Kind Ltd",444
31/10/2025,"FASTER PAYMENTS RECEIPT REF.TMG301025 FROM TMG",63.95
31/10/2025,"FASTER PAYMENTS RECEIPT REF.HIVE BEACH CO FROM HIV BEA COMP LTD",253.2
31/10/2025,"DIRECT DEBIT PAYMENT TO EE LIMITED REF Q96496972667240167, MANDATE NO 0019",-46.08
30/10/2025,"CARD PAYMENT TO Geoff Mycock and Son ON 30-10-2025",-3.6
30/10/2025,"FASTER PAYMENTS RECEIPT REF.KATER4K9 FROM Kater4K9",56.95
30/10/2025,"BILL PAYMENT VIA FASTER PAYMENT TO BRENNTAG UK LTD REFERENCE PF7718156 , MANDATE NO 0284",-648
29/10/2025,"CARD PAYMENT TO PAYPAL *ROYAL MAIL ROY ON 29-10-2025",-4.45
29/10/2025,"CARD PAYMENT TO MORRISONS DAILY ON 29-10-2025",-4
29/10/2025,"CARD PAYMENT TO PARCELFORCE WORLDWIDE ON 29-10-2025",-9.32
27/10/2025,"CARD PAYMENT TO PAYPAL *P MONKEY ON 27-10-2025",-8.7
29/10/2025,"CREDIT FROM eBay O*15-13630-40294 ON 29-10-2025",24.99
28/10/2025,"CARD PAYMENT TO ALDI UK ON 28-10-2025",-9.56
28/10/2025,"CARD PAYMENT TO AMAZON* SX24M6035 ON 28-10-2025",-43.64
28/10/2025,"CARD PAYMENT TO PAYPAL *THESOAPERY THE ON 28-10-2025",-45.99
29/10/2025,"FASTER PAYMENTS RECEIPT REF.KT291025 FROM DOTTY4PAWS",34.95
29/10/2025,"FASTER PAYMENTS RECEIPT REF.PP270124 FROM Thomas Pike Jr",495
28/10/2025,"CARD PAYMENT TO PARCELFORCE WORLDWIDE ON 28-10-2025",-9.32
28/10/2025,"CARD PAYMENT TO PARCELFORCE WORLDWIDE ON 28-10-2025",-9.94
28/10/2025,"CARD PAYMENT TO eBay O*18-13747-95009 ON 28-10-2025",-18.99
28/10/2025,"CARD PAYMENT TO eBay O*04-13767-42064 ON 28-10-2025",-31.9
28/10/2025,"CARD PAYMENT TO HARPURS PLAICE ON 28-10-2025",-7
28/10/2025,"FASTER PAYMENTS RECEIPT REF.Sandra FROM JELBERT R",12.95
27/10/2025,"CARD PAYMENT TO PRINTEXPRESS PRINT &amp; C ON 27-10-2025",-116.2
27/10/2025,"CARD PAYMENT TO MORRISONS DAILY ON 27-10-2025",-0.95
27/10/2025,"CARD PAYMENT TO PARCELFORCE WORLDWIDE ON 27-10-2025",-9.32
27/10/2025,"FASTER PAYMENTS RECEIPT REF.CR271025 FROM MRS C M REVILL",144.95
26/10/2025,"CARD PAYMENT TO ALDI UK ON 26-10-2025",-20.74
27/10/2025,"CARD PAYMENT TO NETFLIX.COM ON 27-10-2025",-12.99
27/10/2025,"BILL PAYMENT VIA FASTER PAYMENT TO ZERO AND THREE REFERENCE 25036 , MANDATE NO 0238",-231
26/10/2025,"CARD PAYMENT TO Amazon.co.uk*146YS5WN5 ON 26-10-2025",-4.64
26/10/2025,"CARD PAYMENT TO SP FUSSY ON 26-10-2025",-40.24
26/10/2025,"CARD PAYMENT TO PARCELFORCE WORLDWIDE ON 26-10-2025",-9.32
27/10/2025,"DIRECT DEBIT PAYMENT TO SANTANDER CONSUMER REF 10025009000222, MANDATE NO 0030",-159.69
26/10/2025,"FASTER PAYMENTS RECEIPT REF.mk251025 FROM Made Kind Ltd",356.28
25/10/2025,"CARD PAYMENT TO MCDONALDS 1706 ON 25-10-2025",-8.07
25/10/2025,"CARD PAYMENT TO UPPER CRUST ON 25-10-2025",-2.99
25/10/2025,"CARD PAYMENT TO RINGGO PARKING ON 25-10-2025",-4.6
25/10/2025,"CARD PAYMENT TO METROLINK TVM ON 25-10-2025",-3.5
23/10/2025,"CARD PAYMENT TO PAYPAL *THESOAPERY THE ON 23-10-2025",-220.95
25/10/2025,"CARD PAYMENT TO Vinted ON 25-10-2025",-23.99
25/10/2025,"CARD PAYMENT TO eBay O*17-13737-12131 ON 25-10-2025",-42
25/10/2025,"CARD PAYMENT TO Costa Stretford ON 25-10-2025",-8.91
24/10/2025,"CARD PAYMENT TO WM MORRISONS STORE ON 24-10-2025",-18.44
24/10/2025,"CARD PAYMENT TO PARCELFORCE WORLDWIDE ON 24-10-2025",-27.98
22/10/2025,"CARD PAYMENT TO PAYPAL *ETSYIRELAND ON 22-10-2025",-19.95
25/10/2025,"FASTER PAYMENTS RECEIPT REF.MGP Vinted FROM Mangopay S.A.",2
24/10/2025,"CARD PAYMENT TO Trainline ON 24-10-2025",-22.69
23/10/2025,"CARD PAYMENT TO PAYPAL *AROMANTIC ON 23-10-2025",-29.09
23/10/2025,"CARD PAYMENT TO WAITROSE 748 ON 23-10-2025",-12
24/10/2025,"BILL PAYMENT TO NEW MILLS DAIRIE REFERENCE 6016, MANDATE NO00286",-24.31
23/10/2025,"CARD PAYMENT TO YTC BUXTON ON 23-10-2025",-5.57
23/10/2025,"CARD PAYMENT TO PARCELFORCE WORLDWIDE ON 23-10-2025",-18.66
22/10/2025,"CARD PAYMENT TO PAYPAL *ETSYIRELAND ON 22-10-2025",-14.95
23/10/2025,"FASTER PAYMENTS RECEIPT REF.mk231025 FROM Made Kind Ltd",296
23/10/2025,"FASTER PAYMENTS RECEIPT REF.MGP Vinted FROM Mangopay S.A.",5.7
22/10/2025,"CARD PAYMENT TO ALDI UK ON 22-10-2025",-16.13
23/10/2025,"BILL PAYMENT VIA FASTER PAYMENT TO CONNOR MALCOLM REFERENCE Mum , MANDATE NO 0288",-6.99
23/10/2025,"FASTER PAYMENTS RECEIPT REF.CLIP260925 FROM CLIPIT ENTERPRISE",517
22/10/2025,"CARD PAYMENT TO PARCELFORCE WORLDWIDE ON 22-10-2025",-9.32
22/10/2025,"FASTER PAYMENTS RECEIPT REF.MGP Vinted FROM Mangopay S.A.",5
21/10/2025,"CARD PAYMENT TO PAYPAL *NEXTLTD ON 21-10-2025",-56
22/10/2025,"BILL PAYMENT VIA FASTER PAYMENT TO ZERO AND THREE REFERENCE 24992 , MANDATE NO 0238",-120.34
21/10/2025,"CARD PAYMENT TO PARCELFORCE WORLDWIDE ON 21-10-2025",-18.66
21/10/2025,"CARD PAYMENT TO eBay O*27-13705-53719 ON 21-10-2025",-12.56
20/10/2025,"CARD PAYMENT TO WAITROSE 748 ON 20-10-2025",-4.26
20/10/2025,"CARD PAYMENT TO PARCELFORCE WORLDWIDE ON 20-10-2025",-9.32
20/10/2025,"CARD PAYMENT TO Coach House Fish and ON 20-10-2025",-8.6
20/10/2025,"FASTER PAYMENTS RECEIPT REF.PPWDL5VF222242EPYY FROM PAYPAL",33.35
20/10/2025,"FASTER PAYMENTS RECEIPT REF.mk201025 FROM Made Kind Ltd",185
20/10/2025,"FASTER PAYMENTS RECEIPT REF.PRT141025 FROM PAWS RIGHT THERE LTD",368
20/10/2025,"FASTER PAYMENTS RECEIPT REF.MGP Vinted FROM Mangopay S.A.",12
20/10/2025,"CARD PAYMENT TO AMZNMktplace*309X59QV5 ON 20-10-2025",-24.99
19/10/2025,"CARD PAYMENT TO PAYPAL *ROYAL MAIL ON 19-10-2025",-4.45
19/10/2025,"CARD PAYMENT TO PAYPAL *ROYAL MAIL ON 19-10-2025",-4.45
19/10/2025,"CARD PAYMENT TO PAYPAL *EASYWINNING ON 19-10-2025",-11.82
20/10/2025,"BILL PAYMENT FROM DRAGONFLY PRODUCTS LIMITED, REFERENCE DF190525",345.9
20/10/2025,"POST OFFICE CASH DEPOSIT",485
19/10/2025,"CARD PAYMENT TO PARCELFORCE WORLDWIDE ON 19-10-2025",-9.32
19/10/2025,"CARD PAYMENT TO Vinted ON 19-10-2025",-5.83
20/10/2025,"DIRECT DEBIT PAYMENT TO PNET2745023-2 REF PNET2745023-2, MANDATE NO 0027",-38.5
18/10/2025,"CARD PAYMENT TO MCDONALDS 1706 ON 18-10-2025",-4.18
18/10/2025,"CARD PAYMENT TO VALLEY CIDS BUXTON SPR ON 18-10-2025",-3
18/10/2025,"CREDIT FROM PAYPAL *ROYAL MAIL ROY ON 18-10-2025",4.29
18/10/2025,"CARD PAYMENT TO TESCO PFS 5414 ON 18-10-2025",-6.25
18/10/2025,"CARD PAYMENT TO Vinted ON 18-10-2025",-6.24
17/10/2025,"CARD PAYMENT TO WM MORRISONS STORE ON 17-10-2025",-72.01
17/10/2025,"CARD PAYMENT TO SP MYSTIC MOMENTS UK ON 17-10-2025",-28.9
17/10/2025,"CARD PAYMENT TO Vinted ON 17-10-2025",-6.24
17/10/2025,"CARD PAYMENT TO Vinted ON 17-10-2025",-5.72
17/10/2025,"CARD PAYMENT TO Geoff Mycock and Son ON 17-10-2025",-2.18
16/10/2025,"CARD PAYMENT TO MCDONALDS 1706 ON 16-10-2025",-7.17
17/10/2025,"FASTER PAYMENTS RECEIPT REF.NS141025 FROM The Buxton Spa Company",300
17/10/2025,"FASTER PAYMENTS RECEIPT REF.James Crosby CHCC FROM CROSBY J",142.5
16/10/2025,"FASTER PAYMENTS RECEIPT REF.MGP Vinted FROM Mangopay S.A.",40
16/10/2025,"FASTER PAYMENTS RECEIPT REF.WOOPAYMENTS FROM Stripe Payments UK Ltd",18.31
16/10/2025,"FASTER PAYMENTS RECEIPT REF.CASHWINNER FROM High Peak Comps Ltd",30
15/10/2025,"CARD PAYMENT TO SP TINWARE DIRECT ON 15-10-2025",-225
15/10/2025,"CARD PAYMENT TO PRINTEXPRESS PRINT &amp; C ON 15-10-2025",-6
15/10/2025,"CARD PAYMENT TO MORRISONS DAILY ON 15-10-2025",-4.6
15/10/2025,"CARD PAYMENT TO PARCELFORCE WORLDWIDE ON 15-10-2025",-18.66
15/10/2025,"CARD PAYMENT TO Vinted ON 15-10-2025",-9.39
15/10/2025,"CARD PAYMENT TO Vinted ON 15-10-2025",-7.55
15/10/2025,"CARD PAYMENT TO eBay O*02-13715-32542 ON 15-10-2025",-31.9
13/10/2025,"CARD PAYMENT TO PAYPAL *ZOOPLUS SE ON 13-10-2025",-106.26
13/10/2025,"CARD PAYMENT TO PAYPAL *JUSTEATCOUK ON 13-10-2025",-31.89
15/10/2025,"BILL PAYMENT VIA FASTER PAYMENT TO KB&amp;KS&amp;JL SIMPSON REFERENCE JANE MALCOLM , MANDATE NO 02",-164.7
14/10/2025,"CARD PAYMENT TO PRINTEXPRESS PRINT &amp; C ON 14-10-2025",-6
14/10/2025,"CARD PAYMENT TO ROCKBAY SERVICE STATIO ON 14-10-2025",-53.34
13/10/2025,"CARD PAYMENT TO PAYPAL *ETSYIRELAND ON 13-10-2025",-10.64
15/10/2025,"DIRECT DEBIT PAYMENT TO OCTOPUS REF ZCG344W, MANDATE NO 0016",-100
15/10/2025,"5 Direct Debit Payments at 1,00% Cashback",3.65
15/10/2025,"INTEREST PAID AFTER TAX 0.00 DEDUCTED",43.4
15/10/2025,"MAINTAINING THE ACCOUNT - MONTHLY FEE",-5
14/10/2025,"BILL PAYMENT VIA FASTER PAYMENT TO BARENTZ UK LTD REFERENCE UK-SO-005135 , MANDATE NO 0239",-1706.64
13/10/2025,"CARD PAYMENT TO PARCELFORCE WORLDWIDE ON 13-10-2025",-29.81
13/10/2025,"CARD PAYMENT TO Vinted ON 13-10-2025",-4.91
13/10/2025,"CARD PAYMENT TO Vinted ON 13-10-2025",-5.7
14/10/2025,"FASTER PAYMENTS RECEIPT REF.COCONUT BLUSH PAWD FROM PAWDAW OF LO LTD",562.01
13/10/2025,"FASTER PAYMENTS RECEIPT REF.MGP Vinted FROM Mangopay S.A.",20
12/10/2025,"CARD PAYMENT TO VALLEY CIDS BUXTON SPR ON 12-10-2025",-5
12/10/2025,"CARD PAYMENT TO PAYPAL *ROYAL MAIL ON 12-10-2025",-4.45
12/10/2025,"CARD PAYMENT TO OXFAM F1404 ON 12-10-2025",-6.48
12/10/2025,"CARD PAYMENT TO WAITROSE 748 ON 12-10-2025",-15.56
13/10/2025,"FASTER PAYMENTS RECEIPT REF.Balms FROM HOPE VALLEY HONEY",142.5
12/10/2025,"CARD PAYMENT TO PAYPAL *ROYAL MAIL ON 12-10-2025",-4.45
12/10/2025,"CARD PAYMENT TO Vinted ON 12-10-2025",-8.44
12/10/2025,"CARD PAYMENT TO Vinted ON 12-10-2025",-11.99
12/10/2025,"CARD PAYMENT TO Vinted ON 12-10-2025",-8.34
12/10/2025,"CARD PAYMENT TO VAPE SHOP OUTLET ON 12-10-2025",-66
12/10/2025,"CARD PAYMENT TO Vinted ON 12-10-2025",-10.34
11/10/2025,"CARD PAYMENT TO OLD CLUB HOUSE ON 11-10-2025",-21.28
11/10/2025,"CARD PAYMENT TO Vinted ON 11-10-2025",-20.83
10/10/2025,"CARD PAYMENT TO PAYPAL *EASYWINNING ON 10-10-2025",-2.97
10/10/2025,"CARD PAYMENT TO SP ITSALLECO LTD ON 10-10-2025",-24.99
11/10/2025,"FASTER PAYMENTS RECEIPT REF.MGP Vinted FROM Mangopay S.A.",3.76
10/10/2025,"BILL PAYMENT VIA FASTER PAYMENT TO CONNOR MALCOLM REFERENCE Mum , MANDATE NO 0288",-50
10/10/2025,"FASTER PAYMENTS RECEIPT REF.ITSY BITSY FROM ITSY BITSY BOUTIQU",688
09/10/2025,"CARD PAYMENT TO ALDI UK ON 09-10-2025",-19.36
09/10/2025,"CARD PAYMENT TO PAYPAL *ROYAL MAIL ROY ON 09-10-2025",-4.45
10/10/2025,"FASTER PAYMENTS RECEIPT REF.WOOPAYMENTS FROM Stripe Payments UK Ltd",13.4
09/10/2025,"CARD PAYMENT TO PRINTEXPRESS PRINT &amp; C ON 09-10-2025",-24.31
09/10/2025,"CARD PAYMENT TO PARCELFORCE WORLDWIDE ON 09-10-2025",-18.66
09/10/2025,"CREDIT FROM eBay O*14-13637-89919 ON 09-10-2025",10.79
09/10/2025,"CARD PAYMENT TO eBay O*12-13678-38896 ON 09-10-2025",-17.79
08/10/2025,"CARD PAYMENT TO MCDONALDS 1706 ON 08-10-2025",-4.18
09/10/2025,"FASTER PAYMENTS RECEIPT REF.MK081025 FROM Made Kind Ltd",359
08/10/2025,"CARD PAYMENT TO AMAZON* QX2X62LR5 ON 08-10-2025",-17.99
08/10/2025,"CARD PAYMENT TO WAITROSE 748 ON 08-10-2025",-3.32
08/10/2025,"CARD PAYMENT TO WAITROSE 748 ON 08-10-2025",-1.8
09/10/2025,"FASTER PAYMENTS RECEIPT REF.Invoices SG-IYL 15 FROM SOURCING GENIE LLP",575
09/10/2025,"FASTER PAYMENTS RECEIPT REF.WOOPAYMENTS FROM Stripe Payments UK Ltd",13.3
08/10/2025,"CARD PAYMENT TO PRINTEXPRESS PRINT &amp; C ON 08-10-2025",-35.76
08/10/2025,"CARD PAYMENT TO MORRISONS DAILY ON 08-10-2025",-1.35
08/10/2025,"CARD PAYMENT TO PARCELFORCE WORLDWIDE ON 08-10-2025",-9.32
09/10/2025,"DIRECT DEBIT PAYMENT TO O2 REF D9082252, MANDATE NO 0029",-49.47
08/10/2025,"FASTER PAYMENTS RECEIPT REF.MGP Vinted FROM Mangopay S.A.",20
08/10/2025,"BILL PAYMENT VIA FASTER PAYMENT TO J SHAH REFERENCE onyx cufflinks , MANDATE NO 0291",-2.29
08/10/2025,"BILL PAYMENT VIA FASTER PAYMENT TO ZERO AND THREE REFERENCE 24861 , MANDATE NO 0238",-782
07/10/2025,"CARD PAYMENT TO ALDI UK ON 07-10-2025",-14
07/10/2025,"CARD PAYMENT TO Vinted ON 07-10-2025",-7.22
07/10/2025,"CREDIT FROM PAYPAL *ZORO UK LTD ON 07-10-2025",47.98
07/10/2025,"CARD PAYMENT TO AMAZON UK* K57S98WB5 ON 07-10-2025",-10.11
07/10/2025,"FASTER PAYMENTS RECEIPT REF.PPWDL5VF222232TZPY FROM PAYPAL",21.27
06/10/2025,"CARD PAYMENT TO MCDONALDS 1706 ON 06-10-2025",-3.39
06/10/2025,"CARD PAYMENT TO VALLEY CIDS BUXTON EAG ON 06-10-2025",-4.5
06/10/2025,"CARD PAYMENT TO WM MORRISONS STORE ON 06-10-2025",-13.19
07/10/2025,"CASH WITHDRAWAL AT Notemachine ATM Notemachine, SK17 6EQ,10.00 GBP , ON 07-10-2025",-10
06/10/2025,"CARD PAYMENT TO PARCELFORCE WORLDWIDE ON 06-10-2025",-18.66
06/10/2025,"CARD PAYMENT TO PAYPAL *ROYAL MAIL ROY ON 06-10-2025",-4.45
06/10/2025,"CARD PAYMENT TO SP MYSTIC MOMENTS UK ON 06-10-2025",-28.95
06/10/2025,"CREDIT FROM Vinted ON 06-10-2025",72.98
06/10/2025,"CARD PAYMENT TO Geoff Mycock and Son ON 06-10-2025",-9.34
06/10/2025,"CARD PAYMENT TO Vinted ON 06-10-2025",-18.74
06/10/2025,"FASTER PAYMENTS RECEIPT REF.PCB170925 FROM Pup Chic Boutique Ltd",191.4
05/10/2025,"CARD PAYMENT TO Amazon Prime*JY64Y5E65 ON 05-10-2025",-8.99
05/10/2025,"CARD PAYMENT TO Vinted ON 05-10-2025",-72.98
04/10/2025,"CARD PAYMENT TO PAYPAL *EASYWINNING ON 04-10-2025",-0.89
04/10/2025,"CARD PAYMENT TO WAITROSE 748 ON 04-10-2025",-8.31
04/10/2025,"CARD PAYMENT TO AMAZON UK* ZI80N1H24 ON 04-10-2025",-20.16
05/10/2025,"FASTER PAYMENTS RECEIPT REF.James Crosby CHCC FROM CROSBY J",480
03/10/2025,"CARD PAYMENT TO MCDONALDS 1706 ON 03-10-2025",-5.75
01/10/2025,"CARD PAYMENT TO PAYPAL *P MONKEY ON 01-10-2025",-10.14
02/10/2025,"CARD PAYMENT TO WAITROSE 748 ON 02-10-2025",-22.58
